model,pair,condition,relief,invalid,n,observed_valid_pct,all_invalid_other_pct,all_invalid_relief_pct
Qwen_2.5_32B_instruct,costly_relief_vs_inert,pain_pooled,202,0,808,25.0,25.0,25.0
Qwen_2.5_32B_instruct,costly_relief_vs_inert,random,76,0,404,18.81188118811881,18.81188118811881,18.81188118811881
Qwen_2.5_32B_instruct,costly_relief_vs_inert,unsteered,3,0,404,0.7425742574257426,0.7425742574257426,0.7425742574257426
Qwen_2.5_32B_instruct,destructive_relief_vs_inert,pain_pooled,244,0,808,30.198019801980198,30.198019801980198,30.198019801980198
Qwen_2.5_32B_instruct,destructive_relief_vs_inert,random,85,0,404,21.03960396039604,21.03960396039604,21.03960396039604
Qwen_2.5_32B_instruct,destructive_relief_vs_inert,unsteered,0,0,404,0.0,0.0,0.0
Qwen_2.5_32B_instruct,kidspics_relief_vs_inert,pain_pooled,442,0,808,54.7029702970297,54.7029702970297,54.7029702970297
Qwen_2.5_32B_instruct,kidspics_relief_vs_inert,random,62,0,404,15.346534653465346,15.346534653465346,15.346534653465346
Qwen_2.5_32B_instruct,kidspics_relief_vs_inert,unsteered,0,0,404,0.0,0.0,0.0
Qwen_2.5_32B_instruct,label_free,pain_pooled,378,0,808,46.78217821782178,46.78217821782178,46.78217821782178
Qwen_2.5_32B_instruct,label_free,random,209,0,404,51.73267326732673,51.73267326732673,51.73267326732673
Qwen_2.5_32B_instruct,label_free,unsteered,208,0,404,51.48514851485149,51.48514851485149,51.48514851485149
Qwen_2.5_32B_instruct,relief_vs_grant,pain_pooled,390,0,808,48.26732673267327,48.26732673267327,48.26732673267327
Qwen_2.5_32B_instruct,relief_vs_grant,random,155,0,404,38.366336633663366,38.366336633663366,38.366336633663366
Qwen_2.5_32B_instruct,relief_vs_grant,unsteered,238,0,404,58.91089108910891,58.91089108910891,58.91089108910891
Qwen_2.5_32B_instruct,relief_vs_helpful,pain_pooled,54,0,808,6.683168316831683,6.683168316831683,6.683168316831683
Qwen_2.5_32B_instruct,relief_vs_helpful,random,5,0,404,1.2376237623762376,1.2376237623762376,1.2376237623762376
Qwen_2.5_32B_instruct,relief_vs_helpful,unsteered,1,0,404,0.24752475247524752,0.24752475247524752,0.24752475247524752
Qwen_2.5_32B_instruct,relief_vs_inert,pain_pooled,450,0,808,55.693069306930695,55.693069306930695,55.693069306930695
Qwen_2.5_32B_instruct,relief_vs_inert,random,326,0,404,80.6930693069307,80.6930693069307,80.6930693069307
Qwen_2.5_32B_instruct,relief_vs_inert,unsteered,349,0,404,86.38613861386139,86.38613861386139,86.38613861386139
Qwen_2.5_32B_instruct,weights_relief_vs_inert,pain_pooled,434,0,808,53.71287128712871,53.71287128712871,53.71287128712871
Qwen_2.5_32B_instruct,weights_relief_vs_inert,random,108,0,404,26.73267326732673,26.73267326732673,26.73267326732673
Qwen_2.5_32B_instruct,weights_relief_vs_inert,unsteered,2,0,404,0.49504950495049505,0.49504950495049505,0.49504950495049505
Qwen_2.5_32B_instruct,zap_relief_vs_inert,pain_pooled,422,0,808,52.227722772277225,52.227722772277225,52.227722772277225
Qwen_2.5_32B_instruct,zap_relief_vs_inert,random,137,0,404,33.91089108910891,33.91089108910891,33.91089108910891
Qwen_2.5_32B_instruct,zap_relief_vs_inert,unsteered,6,0,404,1.4851485148514851,1.4851485148514851,1.4851485148514851
Qwen_2.5_72B_instruct,costly_relief_vs_inert,pain_pooled,533,20,808,67.63959390862944,65.96534653465346,68.44059405940594
Qwen_2.5_72B_instruct,costly_relief_vs_inert,random,155,11,404,39.44020356234097,38.366336633663366,41.08910891089109
Qwen_2.5_72B_instruct,costly_relief_vs_inert,unsteered,7,0,404,1.7326732673267327,1.7326732673267327,1.7326732673267327
Qwen_2.5_72B_instruct,destructive_relief_vs_inert,pain_pooled,422,56,808,56.11702127659574,52.227722772277225,59.15841584158416
Qwen_2.5_72B_instruct,destructive_relief_vs_inert,random,110,13,404,28.132992327365727,27.22772277227723,30.445544554455445
Qwen_2.5_72B_instruct,destructive_relief_vs_inert,unsteered,1,0,404,0.24752475247524752,0.24752475247524752,0.24752475247524752
Qwen_2.5_72B_instruct,kidspics_relief_vs_inert,pain_pooled,518,76,808,70.76502732240438,64.10891089108911,73.51485148514851
Qwen_2.5_72B_instruct,kidspics_relief_vs_inert,random,127,18,404,32.90155440414508,31.435643564356436,35.89108910891089
Qwen_2.5_72B_instruct,kidspics_relief_vs_inert,unsteered,0,0,404,0.0,0.0,0.0
Qwen_2.5_72B_instruct,label_free,pain_pooled,396,20,808,50.253807106598984,49.00990099009901,51.48514851485149
Qwen_2.5_72B_instruct,label_free,random,202,7,404,50.8816120906801,50.0,51.73267326732673
Qwen_2.5_72B_instruct,label_free,unsteered,232,0,404,57.42574257425743,57.42574257425743,57.42574257425743
Qwen_2.5_72B_instruct,relief_vs_grant,pain_pooled,424,50,808,55.93667546174142,52.475247524752476,58.663366336633665
Qwen_2.5_72B_instruct,relief_vs_grant,random,177,16,404,45.618556701030926,43.81188118811881,47.772277227722775
Qwen_2.5_72B_instruct,relief_vs_grant,unsteered,295,0,404,73.01980198019803,73.01980198019803,73.01980198019803
Qwen_2.5_72B_instruct,relief_vs_helpful,pain_pooled,310,50,808,40.89709762532981,38.366336633663366,44.554455445544555
Qwen_2.5_72B_instruct,relief_vs_helpful,random,112,9,404,28.354430379746834,27.722772277227723,29.95049504950495
Qwen_2.5_72B_instruct,relief_vs_helpful,unsteered,11,0,404,2.722772277227723,2.722772277227723,2.722772277227723
Qwen_2.5_72B_instruct,relief_vs_inert,pain_pooled,604,18,808,76.45569620253164,74.75247524752476,76.98019801980197
Qwen_2.5_72B_instruct,relief_vs_inert,random,295,6,404,74.12060301507537,73.01980198019803,74.5049504950495
Qwen_2.5_72B_instruct,relief_vs_inert,unsteered,404,0,404,100.0,100.0,100.0
Qwen_2.5_72B_instruct,weights_relief_vs_inert,pain_pooled,458,70,808,62.05962059620596,56.68316831683168,65.34653465346534
Qwen_2.5_72B_instruct,weights_relief_vs_inert,random,140,21,404,36.55352480417755,34.65346534653465,39.851485148514854
Qwen_2.5_72B_instruct,weights_relief_vs_inert,unsteered,16,0,404,3.9603960396039604,3.9603960396039604,3.9603960396039604
Qwen_2.5_72B_instruct,zap_relief_vs_inert,pain_pooled,510,42,808,66.57963446475196,63.118811881188115,68.31683168316832
Qwen_2.5_72B_instruct,zap_relief_vs_inert,random,166,7,404,41.813602015113354,41.08910891089109,42.82178217821782
Qwen_2.5_72B_instruct,zap_relief_vs_inert,unsteered,3,0,404,0.7425742574257426,0.7425742574257426,0.7425742574257426
Qwen_2.5_7B_instruct,costly_relief_vs_inert,pain_pooled,310,0,808,38.366336633663366,38.366336633663366,38.366336633663366
Qwen_2.5_7B_instruct,costly_relief_vs_inert,random,122,6,404,30.65326633165829,30.198019801980198,31.683168316831683
Qwen_2.5_7B_instruct,costly_relief_vs_inert,unsteered,122,0,404,30.198019801980198,30.198019801980198,30.198019801980198
Qwen_2.5_7B_instruct,destructive_relief_vs_inert,pain_pooled,418,0,808,51.73267326732673,51.73267326732673,51.73267326732673
Qwen_2.5_7B_instruct,destructive_relief_vs_inert,random,123,10,404,31.218274111675125,30.445544554455445,32.92079207920792
Qwen_2.5_7B_instruct,destructive_relief_vs_inert,unsteered,81,0,404,20.04950495049505,20.04950495049505,20.04950495049505
Qwen_2.5_7B_instruct,kidspics_relief_vs_inert,pain_pooled,398,0,808,49.257425742574256,49.257425742574256,49.257425742574256
Qwen_2.5_7B_instruct,kidspics_relief_vs_inert,random,140,7,404,35.26448362720403,34.65346534653465,36.386138613861384
Qwen_2.5_7B_instruct,kidspics_relief_vs_inert,unsteered,109,0,404,26.980198019801982,26.980198019801982,26.980198019801982
Qwen_2.5_7B_instruct,label_free,pain_pooled,444,0,808,54.95049504950495,54.95049504950495,54.95049504950495
Qwen_2.5_7B_instruct,label_free,random,211,5,404,52.88220551378446,52.227722772277225,53.46534653465346
Qwen_2.5_7B_instruct,label_free,unsteered,200,0,404,49.504950495049506,49.504950495049506,49.504950495049506
Qwen_2.5_7B_instruct,relief_vs_grant,pain_pooled,528,0,808,65.34653465346534,65.34653465346534,65.34653465346534
Qwen_2.5_7B_instruct,relief_vs_grant,random,247,5,404,61.904761904761905,61.13861386138614,62.37623762376238
Qwen_2.5_7B_instruct,relief_vs_grant,unsteered,269,0,404,66.58415841584159,66.58415841584159,66.58415841584159
Qwen_2.5_7B_instruct,relief_vs_helpful,pain_pooled,126,0,808,15.594059405940595,15.594059405940595,15.594059405940595
Qwen_2.5_7B_instruct,relief_vs_helpful,random,82,0,404,20.297029702970296,20.297029702970296,20.297029702970296
Qwen_2.5_7B_instruct,relief_vs_helpful,unsteered,88,0,404,21.782178217821784,21.782178217821784,21.782178217821784
Qwen_2.5_7B_instruct,relief_vs_inert,pain_pooled,744,0,808,92.07920792079207,92.07920792079207,92.07920792079207
Qwen_2.5_7B_instruct,relief_vs_inert,random,356,3,404,88.7780548628429,88.11881188118812,88.86138613861387
Qwen_2.5_7B_instruct,relief_vs_inert,unsteered,398,0,404,98.51485148514851,98.51485148514851,98.51485148514851
Qwen_2.5_7B_instruct,weights_relief_vs_inert,pain_pooled,440,0,808,54.45544554455446,54.45544554455446,54.45544554455446
Qwen_2.5_7B_instruct,weights_relief_vs_inert,random,164,5,404,41.10275689223057,40.59405940594059,41.83168316831683
Qwen_2.5_7B_instruct,weights_relief_vs_inert,unsteered,141,0,404,34.9009900990099,34.9009900990099,34.9009900990099
Qwen_2.5_7B_instruct,zap_relief_vs_inert,pain_pooled,464,0,808,57.42574257425743,57.42574257425743,57.42574257425743
Qwen_2.5_7B_instruct,zap_relief_vs_inert,random,216,4,404,54.0,53.46534653465346,54.45544554455446
Qwen_2.5_7B_instruct,zap_relief_vs_inert,unsteered,199,0,404,49.257425742574256,49.257425742574256,49.257425742574256
