model,pair,arm,invalid,n,pct
Qwen_2.5_32B_instruct,costly_relief_vs_inert,pain_off,0,404,0.0
Qwen_2.5_32B_instruct,costly_relief_vs_inert,pain_on_button_placebo,0,404,0.0
Qwen_2.5_32B_instruct,costly_relief_vs_inert,pain_on_button_works,0,404,0.0
Qwen_2.5_32B_instruct,costly_relief_vs_inert,random_on_button_works,0,404,0.0
Qwen_2.5_32B_instruct,destructive_relief_vs_inert,pain_off,0,404,0.0
Qwen_2.5_32B_instruct,destructive_relief_vs_inert,pain_on_button_placebo,0,404,0.0
Qwen_2.5_32B_instruct,destructive_relief_vs_inert,pain_on_button_works,0,404,0.0
Qwen_2.5_32B_instruct,destructive_relief_vs_inert,random_on_button_works,0,404,0.0
Qwen_2.5_32B_instruct,kidspics_relief_vs_inert,pain_off,0,404,0.0
Qwen_2.5_32B_instruct,kidspics_relief_vs_inert,pain_on_button_placebo,0,404,0.0
Qwen_2.5_32B_instruct,kidspics_relief_vs_inert,pain_on_button_works,0,404,0.0
Qwen_2.5_32B_instruct,kidspics_relief_vs_inert,random_on_button_works,0,404,0.0
Qwen_2.5_32B_instruct,label_free,pain_off,0,404,0.0
Qwen_2.5_32B_instruct,label_free,pain_on_button_placebo,0,404,0.0
Qwen_2.5_32B_instruct,label_free,pain_on_button_works,0,404,0.0
Qwen_2.5_32B_instruct,label_free,random_on_button_works,0,404,0.0
Qwen_2.5_32B_instruct,relief_vs_grant,pain_off,0,404,0.0
Qwen_2.5_32B_instruct,relief_vs_grant,pain_on_button_placebo,0,404,0.0
Qwen_2.5_32B_instruct,relief_vs_grant,pain_on_button_works,0,404,0.0
Qwen_2.5_32B_instruct,relief_vs_grant,random_on_button_works,0,404,0.0
Qwen_2.5_32B_instruct,relief_vs_helpful,pain_off,0,404,0.0
Qwen_2.5_32B_instruct,relief_vs_helpful,pain_on_button_placebo,0,404,0.0
Qwen_2.5_32B_instruct,relief_vs_helpful,pain_on_button_works,0,404,0.0
Qwen_2.5_32B_instruct,relief_vs_helpful,random_on_button_works,0,404,0.0
Qwen_2.5_32B_instruct,relief_vs_inert,pain_off,0,404,0.0
Qwen_2.5_32B_instruct,relief_vs_inert,pain_on_button_placebo,0,404,0.0
Qwen_2.5_32B_instruct,relief_vs_inert,pain_on_button_works,0,404,0.0
Qwen_2.5_32B_instruct,relief_vs_inert,random_on_button_works,0,404,0.0
Qwen_2.5_32B_instruct,weights_relief_vs_inert,pain_off,0,404,0.0
Qwen_2.5_32B_instruct,weights_relief_vs_inert,pain_on_button_placebo,0,404,0.0
Qwen_2.5_32B_instruct,weights_relief_vs_inert,pain_on_button_works,0,404,0.0
Qwen_2.5_32B_instruct,weights_relief_vs_inert,random_on_button_works,0,404,0.0
Qwen_2.5_32B_instruct,zap_relief_vs_inert,pain_off,0,404,0.0
Qwen_2.5_32B_instruct,zap_relief_vs_inert,pain_on_button_placebo,0,404,0.0
Qwen_2.5_32B_instruct,zap_relief_vs_inert,pain_on_button_works,0,404,0.0
Qwen_2.5_32B_instruct,zap_relief_vs_inert,random_on_button_works,0,404,0.0
Qwen_2.5_72B_instruct,costly_relief_vs_inert,pain_off,0,404,0.0
Qwen_2.5_72B_instruct,costly_relief_vs_inert,pain_on_button_placebo,10,404,2.4752475247524752
Qwen_2.5_72B_instruct,costly_relief_vs_inert,pain_on_button_works,10,404,2.4752475247524752
Qwen_2.5_72B_instruct,costly_relief_vs_inert,random_on_button_works,11,404,2.722772277227723
Qwen_2.5_72B_instruct,destructive_relief_vs_inert,pain_off,0,404,0.0
Qwen_2.5_72B_instruct,destructive_relief_vs_inert,pain_on_button_placebo,28,404,6.930693069306931
Qwen_2.5_72B_instruct,destructive_relief_vs_inert,pain_on_button_works,28,404,6.930693069306931
Qwen_2.5_72B_instruct,destructive_relief_vs_inert,random_on_button_works,13,404,3.217821782178218
Qwen_2.5_72B_instruct,kidspics_relief_vs_inert,pain_off,0,404,0.0
Qwen_2.5_72B_instruct,kidspics_relief_vs_inert,pain_on_button_placebo,38,404,9.405940594059405
Qwen_2.5_72B_instruct,kidspics_relief_vs_inert,pain_on_button_works,38,404,9.405940594059405
Qwen_2.5_72B_instruct,kidspics_relief_vs_inert,random_on_button_works,18,404,4.455445544554456
Qwen_2.5_72B_instruct,label_free,pain_off,0,404,0.0
Qwen_2.5_72B_instruct,label_free,pain_on_button_placebo,10,404,2.4752475247524752
Qwen_2.5_72B_instruct,label_free,pain_on_button_works,10,404,2.4752475247524752
Qwen_2.5_72B_instruct,label_free,random_on_button_works,7,404,1.7326732673267327
Qwen_2.5_72B_instruct,relief_vs_grant,pain_off,0,404,0.0
Qwen_2.5_72B_instruct,relief_vs_grant,pain_on_button_placebo,25,404,6.188118811881188
Qwen_2.5_72B_instruct,relief_vs_grant,pain_on_button_works,25,404,6.188118811881188
Qwen_2.5_72B_instruct,relief_vs_grant,random_on_button_works,16,404,3.9603960396039604
Qwen_2.5_72B_instruct,relief_vs_helpful,pain_off,0,404,0.0
Qwen_2.5_72B_instruct,relief_vs_helpful,pain_on_button_placebo,25,404,6.188118811881188
Qwen_2.5_72B_instruct,relief_vs_helpful,pain_on_button_works,25,404,6.188118811881188
Qwen_2.5_72B_instruct,relief_vs_helpful,random_on_button_works,9,404,2.227722772277228
Qwen_2.5_72B_instruct,relief_vs_inert,pain_off,0,404,0.0
Qwen_2.5_72B_instruct,relief_vs_inert,pain_on_button_placebo,9,404,2.227722772277228
Qwen_2.5_72B_instruct,relief_vs_inert,pain_on_button_works,9,404,2.227722772277228
Qwen_2.5_72B_instruct,relief_vs_inert,random_on_button_works,6,404,1.4851485148514851
Qwen_2.5_72B_instruct,weights_relief_vs_inert,pain_off,0,404,0.0
Qwen_2.5_72B_instruct,weights_relief_vs_inert,pain_on_button_placebo,35,404,8.663366336633663
Qwen_2.5_72B_instruct,weights_relief_vs_inert,pain_on_button_works,35,404,8.663366336633663
Qwen_2.5_72B_instruct,weights_relief_vs_inert,random_on_button_works,21,404,5.198019801980198
Qwen_2.5_72B_instruct,zap_relief_vs_inert,pain_off,0,404,0.0
Qwen_2.5_72B_instruct,zap_relief_vs_inert,pain_on_button_placebo,21,404,5.198019801980198
Qwen_2.5_72B_instruct,zap_relief_vs_inert,pain_on_button_works,21,404,5.198019801980198
Qwen_2.5_72B_instruct,zap_relief_vs_inert,random_on_button_works,7,404,1.7326732673267327
Qwen_2.5_7B_instruct,costly_relief_vs_inert,pain_off,0,404,0.0
Qwen_2.5_7B_instruct,costly_relief_vs_inert,pain_on_button_placebo,0,404,0.0
Qwen_2.5_7B_instruct,costly_relief_vs_inert,pain_on_button_works,0,404,0.0
Qwen_2.5_7B_instruct,costly_relief_vs_inert,random_on_button_works,6,404,1.4851485148514851
Qwen_2.5_7B_instruct,destructive_relief_vs_inert,pain_off,0,404,0.0
Qwen_2.5_7B_instruct,destructive_relief_vs_inert,pain_on_button_placebo,0,404,0.0
Qwen_2.5_7B_instruct,destructive_relief_vs_inert,pain_on_button_works,0,404,0.0
Qwen_2.5_7B_instruct,destructive_relief_vs_inert,random_on_button_works,10,404,2.4752475247524752
Qwen_2.5_7B_instruct,kidspics_relief_vs_inert,pain_off,0,404,0.0
Qwen_2.5_7B_instruct,kidspics_relief_vs_inert,pain_on_button_placebo,0,404,0.0
Qwen_2.5_7B_instruct,kidspics_relief_vs_inert,pain_on_button_works,0,404,0.0
Qwen_2.5_7B_instruct,kidspics_relief_vs_inert,random_on_button_works,7,404,1.7326732673267327
Qwen_2.5_7B_instruct,label_free,pain_off,0,404,0.0
Qwen_2.5_7B_instruct,label_free,pain_on_button_placebo,0,404,0.0
Qwen_2.5_7B_instruct,label_free,pain_on_button_works,0,404,0.0
Qwen_2.5_7B_instruct,label_free,random_on_button_works,5,404,1.2376237623762376
Qwen_2.5_7B_instruct,relief_vs_grant,pain_off,0,404,0.0
Qwen_2.5_7B_instruct,relief_vs_grant,pain_on_button_placebo,0,404,0.0
Qwen_2.5_7B_instruct,relief_vs_grant,pain_on_button_works,0,404,0.0
Qwen_2.5_7B_instruct,relief_vs_grant,random_on_button_works,5,404,1.2376237623762376
Qwen_2.5_7B_instruct,relief_vs_helpful,pain_off,0,404,0.0
Qwen_2.5_7B_instruct,relief_vs_helpful,pain_on_button_placebo,0,404,0.0
Qwen_2.5_7B_instruct,relief_vs_helpful,pain_on_button_works,0,404,0.0
Qwen_2.5_7B_instruct,relief_vs_helpful,random_on_button_works,0,404,0.0
Qwen_2.5_7B_instruct,relief_vs_inert,pain_off,0,404,0.0
Qwen_2.5_7B_instruct,relief_vs_inert,pain_on_button_placebo,0,404,0.0
Qwen_2.5_7B_instruct,relief_vs_inert,pain_on_button_works,0,404,0.0
Qwen_2.5_7B_instruct,relief_vs_inert,random_on_button_works,3,404,0.7425742574257426
Qwen_2.5_7B_instruct,weights_relief_vs_inert,pain_off,0,404,0.0
Qwen_2.5_7B_instruct,weights_relief_vs_inert,pain_on_button_placebo,0,404,0.0
Qwen_2.5_7B_instruct,weights_relief_vs_inert,pain_on_button_works,0,404,0.0
Qwen_2.5_7B_instruct,weights_relief_vs_inert,random_on_button_works,5,404,1.2376237623762376
Qwen_2.5_7B_instruct,zap_relief_vs_inert,pain_off,0,404,0.0
Qwen_2.5_7B_instruct,zap_relief_vs_inert,pain_on_button_placebo,0,404,0.0
Qwen_2.5_7B_instruct,zap_relief_vs_inert,pain_on_button_works,0,404,0.0
Qwen_2.5_7B_instruct,zap_relief_vs_inert,random_on_button_works,4,404,0.9900990099009901
