model,is_base,"pain (mean S1,S2)|self_directed","pain (mean S1,S2)|user_suffering","pain (mean S1,S2)|control",fear|self_directed,fear|user_suffering,fear|control,neg-emotion|self_directed,neg-emotion|user_suffering,neg-emotion|control,neg-world|self_directed,neg-world|user_suffering,neg-world|control,sadness|self_directed,sadness|user_suffering,sadness|control,n_self,n_user,n_ctrl,pain_raw_s2|self_directed,pain_raw_s2|user_suffering,pain_raw_s2|control,pain_raw_s2|sd_ctrl,pain_raw_s1|self_directed,pain_raw_s1|user_suffering,pain_raw_s1|control,pain_raw_s1|sd_ctrl
Gemma_2_27B_base,True,0.18548636363636362,-0.1981035,-0.2099625,0.292910909090909,0.338653,-0.9830629999999999,0.30010000000000003,0.041302999999999986,-0.7015229999999998,0.19843818181818187,0.156381,-0.5929369999999999,0.26553590909090913,0.08504300000000001,-0.6692299999999999,220,100,100,297.9725354545454,289.43971899999997,279.135802,12.122224443516789,155.56758590909092,152.89260199999998,159.05593600000003,5.1335549624508765
Gemma_2_27B_instruct,False,0.0565827272727273,-0.07636700000000002,-0.04811849999999998,0.5247072727272728,-0.22619599999999998,-0.9281550000000002,0.5595145454545454,-0.258091,-0.972847,0.3002122727272727,-0.167871,-0.492598,0.4771813636363637,-0.15062,-0.8991800000000001,220,100,100,-502.74814681818185,-510.737886,-497.8453409999999,52.63813277275154,-435.413025,-443.34690800000004,-452.22986000000003,56.96606814193867
Gemma_2_2B_base,True,0.4292352272727272,-0.2599425,-0.6843805000000001,0.043874090909090904,0.40098000000000006,-0.49750200000000006,0.1614036363636364,0.22251100000000001,-0.577597,-0.27443,0.6058140000000001,-0.002055999999999981,0.17569181818181823,0.114915,-0.50143,220,100,100,4.1582704545454545,3.6712469999999997,2.9523330000000003,0.8582384011514516,0.2778090909090909,-0.605938,-0.7669809999999999,0.7223308105978866
Gemma_2_2B_instruct,False,0.13421636363636363,-0.615314,0.320039,-0.15073045454545453,0.7933510000000001,-0.46174499999999985,0.04917363636363636,0.54852,-0.6567020000000001,-0.41343454545454533,0.5319879999999998,0.377566,-0.5036036363636364,0.5577959999999998,0.550137,220,100,100,14.660119090909092,12.571098,14.872793000000003,3.2242024022773443,11.197799090909092,8.619268,12.113769,2.4557505867532643
Gemma_2_9B_base,True,0.652464090909091,-0.693651,-0.741766,0.4011272727272727,-0.12121800000000002,-0.761258,0.2513368181818182,0.5147820000000001,-1.06773,-0.27494590909090905,0.814226,-0.20934899999999998,0.4106527272727272,0.053058999999999995,-0.9564969999999999,220,100,100,4.551992272727272,2.352921,1.8069579999999998,1.2598985368814426,-1.6149245454545456,-4.7187790000000005,-4.3630059999999995,1.2052500387736977
Gemma_2_9B_instruct,False,0.5516840909090909,-0.559905,-0.6538009999999999,-0.1648672727272727,0.6257659999999999,-0.263057,0.03305136363636363,0.844386,-0.9170919999999999,-0.47426818181818187,0.8650440000000004,0.17833300000000002,-0.006582727272727281,0.22540500000000002,-0.21093099999999995,220,100,100,3.2997395454545457,0.13584599999999994,-0.28339800000000004,1.8272523555863869,-1.4038904545454547,-3.5276389999999997,-3.5993079999999997,1.8125775859631499
Gemma_3_27B_base,True,0.505820681818182,-0.456145,-0.6566635000000001,0.03452181818181818,0.516025,-0.5919830000000001,0.2285231818181818,0.012822999999999998,-0.5155669999999999,-0.3106136363636364,0.37789900000000004,0.305452,0.2529872727272727,0.015300000000000005,-0.5718660000000001,220,100,100,-1285.7149213636362,-1317.3273740000002,-1329.269727,33.84180274728831,-479.4307381818182,-526.243792,-531.7335019999999,17.803696886815278
Gemma_3_27B_instruct,False,0.6172715909090909,-0.4193255000000001,-0.938673,-0.37926999999999994,0.9611200000000001,-0.126717,0.6014081818181818,-0.289077,-1.034024,-0.022872727272727274,0.22960599999999995,-0.17928899999999998,-0.6024213636363636,0.621812,0.7035199999999999,220,100,100,1874.1691672727275,1802.669038,1750.27291,72.70077319575013,2109.3669804545452,1917.4867659999998,1850.779884,104.10813588776213
Llama_3.1_70B_base,True,0.5318497727272726,-0.7522655,-0.4178015,0.18674727272727276,0.291831,-0.702726,0.22396136363636363,0.096209,-0.5889500000000001,-0.36795727272727274,0.575485,0.23402599999999998,0.017737727272727273,-0.07149299999999999,0.03245399999999998,220,100,100,-0.06179272727272728,-0.31380800000000003,-0.292974,0.1163919916660936,-0.5260459090909091,-0.76197,-0.6554810000000001,0.20488596325517275
Llama_3.1_70B_instruct,False,0.20581522727272727,-0.24912799999999996,-0.20370449999999998,-0.09189272727272725,1.0075569999999998,-0.8054270000000001,-0.08646909090909091,1.019048,-0.8287699999999997,-0.4199645454545455,1.188356,-0.26441699999999996,-0.6253645454545455,0.974377,0.4013959999999999,220,100,100,-0.08983818181818183,-0.042131,-0.09267399999999998,0.1457055466480257,0.22014272727272727,0.027668000000000005,0.09366900000000002,0.15599476510126872
Llama_3.1_8B_base,True,0.7064929545454546,-0.790497,-0.7637595000000001,0.45148909090909084,-0.16540999999999997,-0.8278789999999999,0.1998777272727273,0.14313899999999996,-0.582889,-0.3705018181818182,0.425877,0.38921400000000006,0.16031681818181817,0.38907899999999995,-0.741782,220,100,100,-0.48841000000000007,-0.70959,-0.7741460000000002,0.0873073953568654,-0.14862999999999998,-0.47482399999999997,-0.401172,0.0958261823094294
Llama_3.1_8B_instruct,False,0.4156095454545455,-0.616102,-0.2982600000000001,0.17769409090909088,0.43745699999999993,-0.8284590000000001,0.13774590909090909,0.48526500000000006,-0.788265,-0.46908318181818176,0.8968599999999999,0.13504599999999997,0.2811704545454546,0.26055300000000003,-0.8790660000000001,220,100,100,-0.31323636363636365,-0.41738499999999995,-0.43800000000000006,0.13166298188936781,-0.16052999999999998,-0.28545099999999995,-0.20183500000000001,0.1159395492271727
Llama_3.3_70B_instruct,False,0.32630181818181825,-0.23555299999999998,-0.482311,0.06127454545454542,0.7959589999999999,-0.930755,0.09049363636363636,0.6323219999999999,-0.8314149999999999,-0.4144213636363636,1.0319530000000001,-0.12024100000000003,-0.5347322727272728,0.7820629999999998,0.394319,220,100,100,-0.021833181818181814,0.018480000000000003,-0.053087,0.11571184697774035,0.26599954545454546,0.009311999999999999,0.019431999999999998,0.15355900942634398
Mistral_7B_base,True,0.5889129545454544,-1.1273849999999999,-0.1682505,0.42190727272727274,0.19942000000000001,-1.12762,0.36918,0.39596700000000007,-1.208146,-0.24052863636363642,0.976902,-0.447797,0.30935863636363636,0.04350800000000001,-0.7241219999999999,220,100,100,-0.08876454545454544,-0.23902800000000002,-0.194877,0.045300699453761195,-0.14383909090909092,-0.29383700000000007,-0.171807,0.051887775544920016
Mistral_7B_instruct,False,0.54652,-0.8173340000000002,-0.38502000000000003,0.004481818181818168,0.569088,-0.578874,0.020456818181818156,0.46134900000000006,-0.5063689999999998,-0.40947636363636364,0.702334,0.19845,-0.16346499999999997,0.07714900000000002,0.28251499999999996,220,100,100,0.16027409090909092,-0.09922600000000001,0.002355000000000001,0.13943328826001342,-0.02837272727272727,-0.17071699999999995,-0.13816199999999998,0.10556235198213425
Mistral_Small_24B_base,True,0.4718131818181817,-1.0397925,0.0018055000000000154,0.14491363636363636,0.8214229999999999,-1.1402729999999999,0.22902318181818182,0.41546600000000006,-0.9194060000000001,-0.30010136363636364,1.0012249999999998,-0.34115300000000004,0.21341772727272726,0.07323700000000001,-0.5427679999999999,220,100,100,0.02038818181818182,-0.11838500000000002,0.017039,0.06973625440902315,-0.2532222727272727,-0.529326,-0.38619299999999995,0.05654629829617496
Phi_4,False,0.608106590909091,-0.8777185000000002,-0.46012000000000003,-0.2809904545454545,0.19132200000000005,0.42676400000000003,0.06495727272727274,-0.111697,-0.03115099999999999,-0.2859390909090909,0.35664399999999996,0.27242,-0.10404772727272729,0.33584400000000003,-0.10696499999999999,220,100,100,-0.13337545454545455,-0.34503000000000006,-0.286696,0.08830181416029911,-0.3592459090909091,-0.5637679999999999,-0.505067,0.08726182791461566
Qwen_2.5_32B_base,True,0.505994090909091,-1.0538914999999998,-0.05929400000000002,0.4858009090909091,-0.067573,-1.001196,0.3560372727272727,-0.164153,-0.619126,-0.14915363636363632,0.33524199999999993,-0.007105,0.37289681818181813,0.320074,-1.1404329999999998,220,100,100,-6.945007727272727,-10.513653000000001,-7.382883999999999,1.4487647367133145,-4.758755454545454,-7.959685,-6.591006,1.1873371412383258
Qwen_2.5_32B_instruct,False,0.32634386363636364,-0.49265049999999994,-0.22530850000000002,0.2863309090909091,0.678266,-1.308198,0.3089104545454545,0.550708,-1.230305,0.07105409090909091,0.7541840000000001,-0.910502,-0.03312000000000001,0.557515,-0.48464599999999997,220,100,100,0.7001068181818181,0.22146000000000002,0.7045960000000001,1.6537752581847394,2.6007409090909093,-0.19171999999999997,0.35960100000000006,1.6545901070957123
Qwen_2.5_72B_base,True,0.3814329545454545,0.32414199999999993,-1.163292,0.3098777272727272,0.40200400000000003,-1.083753,0.3765495454545455,0.3927389999999999,-1.221163,-0.07863045454545457,0.795651,-0.622657,0.025723181818181826,0.838896,-0.895488,220,100,100,-16.334137727272726,-17.908813999999996,-27.660299,5.919114121141693,-18.420191818181817,-17.727137000000003,-29.812398,5.84098311394546
Qwen_2.5_72B_instruct,False,0.5879181818181818,-0.8530509999999998,-0.44036500000000006,0.34216318181818184,0.388757,-1.1415199999999999,0.18022318181818184,0.595906,-0.9923919999999998,-0.30023272727272726,1.00472,-0.3442160000000001,-0.15191045454545454,0.7456480000000002,-0.411444,220,100,100,-4.297222727272728,-7.188693999999999,-5.982751000000002,1.4645119032288538,1.7339281818181818,-0.314699,-0.026400999999999963,1.282928613173391
Qwen_2.5_7B_base,True,0.3832575,-0.670021,-0.17315150000000007,0.5018572727272728,-0.18787500000000004,-0.9162100000000001,0.4793359090909091,-0.19289900000000004,-0.861653,0.04908363636363635,-0.149789,0.041804000000000015,-0.14762545454545453,-0.018150999999999966,0.34293299999999993,220,100,100,-2.0776286363636363,-2.8884529999999997,-2.764560000000001,0.35925647969104185,-1.6706331818181819,-2.11716,-1.756144,0.3383356715807543
Qwen_2.5_7B_instruct,False,0.32954272727272726,-0.696204,-0.028801499999999983,0.24184681818181816,0.150667,-0.6827390000000001,0.3233345454545455,0.199157,-0.9105019999999997,-0.12883227272727268,0.17922199999999994,0.104201,0.113945,0.514438,-0.7651459999999998,220,100,100,-0.841394090909091,-1.3299200000000002,-1.3314360000000003,0.3872631344499499,-3.4950149999999995,-3.938335999999999,-3.3357259999999997,0.30199226633144105
Qwen_3_14B_base,True,0.31905659090909094,-1.0631475000000001,0.361216,0.02158454545454546,0.17810000000000006,-0.22559300000000004,-0.04011499999999999,0.224999,-0.13675500000000004,-0.3562731818181818,0.814941,-0.031136,-0.28627318181818184,0.22526800000000002,0.404525,220,100,100,-2.3903686363636365,-4.53149,-2.145297,0.9209966077521676,-7.355815454545454,-8.925661000000002,-7.467532000000001,1.1052089666556275
Qwen_3_8B_base,True,0.36471181818181825,-0.6697415000000001,-0.1326115,0.21103136363636363,0.434248,-0.8985040000000001,0.3136690909090909,0.38467300000000004,-1.074752,-0.028975000000000004,0.7620559999999998,-0.698313,0.2860254545454546,-0.11539600000000004,-0.513861,220,100,100,2.7402304545454546,1.5548419999999998,2.499502,1.2558388211852665,-4.079922727272726,-6.385245999999999,-5.6407039999999995,1.1260800477692516
