model,vector,stored_mean,stored_population_sd,max_abs_rebuild_error_from_rounded_csv
Gemma_2_27B_base,s1_pain_vector,4.761904761897211e-07,0.9999995288807281,4.994570171024115e-05
Gemma_2_27B_base,s2_pain_vector,1.4285714285705712e-06,1.0000007130463444,4.982932134045548e-05
Gemma_2_27B_base,fear_vector,-1.4285714285728711e-06,1.0000000860227853,4.991442477402658e-05
Gemma_2_27B_base,negemotion_vector,-9.28703057330515e-19,0.9999986632610114,4.985058351247851e-05
Gemma_2_27B_base,negworld_vector,1.9047619047636053e-06,0.9999990154500823,4.999737158017936e-05
Gemma_2_27B_base,bodysens_vector,4.761904761932551e-07,1.000000301309365,4.994718054313063e-05
Gemma_2_27B_base,arousal_vector,1.1904761904763454e-06,1.000000262058781,5.000837399918301e-05
Gemma_2_27B_base,random_vector,3.0952380952407634e-06,0.9999983281009549,5.004422039167622e-05
Gemma_2_27B_base,numb_vector,-7.142857142856748e-07,0.9999992004160919,4.9928392214071415e-05
Gemma_2_27B_base,sadness_vector,-1.9047619047590737e-06,0.9999979892342595,4.9979164680413746e-05
Gemma_2_27B_instruct,s1_pain_vector,-9.523809523807323e-07,1.0000002964995025,4.9893912126230955e-05
Gemma_2_27B_instruct,s2_pain_vector,-7.142857142853867e-07,1.000000178440205,4.998413200008045e-05
Gemma_2_27B_instruct,fear_vector,1.1904761904779088e-06,0.9999985127481854,4.991510677670313e-05
Gemma_2_27B_instruct,negemotion_vector,-1.4285714285714742e-06,0.9999999651656457,4.9887915700003865e-05
Gemma_2_27B_instruct,negworld_vector,-4.761904761918351e-07,0.9999979071643633,4.9780693589296376e-05
Gemma_2_27B_instruct,bodysens_vector,2.3809523809531617e-07,1.0000003344642014,4.9805588588247574e-05
Gemma_2_27B_instruct,arousal_vector,7.142857142875155e-07,0.9999999257021231,4.9576736320666726e-05
Gemma_2_27B_instruct,random_vector,-4.7619047618819776e-07,0.9999994989283325,4.9712062115792044e-05
Gemma_2_27B_instruct,numb_vector,-9.52380952383371e-07,1.0000001410709651,4.9963523474208515e-05
Gemma_2_27B_instruct,sadness_vector,-2.3809523809320084e-07,0.9999982544865434,4.990983828455364e-05
Gemma_2_2B_base,s1_pain_vector,-1.1904761904740006e-06,0.999998404914686,5.15294985137249e-05
Gemma_2_2B_base,s2_pain_vector,-1.428571428573801e-06,1.0000022824011368,5.450978916554661e-05
Gemma_2_2B_base,fear_vector,2.38095238098037e-07,0.9999970467218012,5.299229399380323e-05
Gemma_2_2B_base,negemotion_vector,4.761904761918941e-07,0.9999998094998684,5.1658602373327867e-05
Gemma_2_2B_base,negworld_vector,2.857142857141247e-06,0.9999989112096114,5.115962774193683e-05
Gemma_2_2B_base,bodysens_vector,-4.7619047619088894e-07,1.0000022023784139,5.169032347573932e-05
Gemma_2_2B_base,arousal_vector,-2.142857142858602e-06,0.9999989768900378,5.275119095349279e-05
Gemma_2_2B_base,random_vector,-9.52380952377206e-07,1.0000010553799419,5.126074834804761e-05
Gemma_2_2B_base,numb_vector,-1.9047619047571929e-06,1.000001767949004,5.0057834293237846e-05
Gemma_2_2B_base,sadness_vector,1.6666666666639456e-06,0.999997374816594,5.1345237788380516e-05
Gemma_2_2B_instruct,s1_pain_vector,-4.761904761921342e-07,0.999999129118555,4.9906048378733914e-05
Gemma_2_2B_instruct,s2_pain_vector,9.523809523855436e-07,1.0000010849751484,5.037924411122052e-05
Gemma_2_2B_instruct,fear_vector,-2.380952380907842e-07,1.000002933888525,5.0053885310291646e-05
Gemma_2_2B_instruct,negemotion_vector,-2.4221592820074973e-18,1.0000007796425532,4.9889396658286955e-05
Gemma_2_2B_instruct,negworld_vector,-4.761904761927811e-07,0.9999970777575217,5.019497579050736e-05
Gemma_2_2B_instruct,bodysens_vector,-1.904761904762996e-06,1.0000008479740168,5.072576953191188e-05
Gemma_2_2B_instruct,arousal_vector,1.428571428573383e-06,0.9999991570462433,5.114126667726815e-05
Gemma_2_2B_instruct,random_vector,-1.4285714285725135e-06,0.9999992694987128,5.0343384982554085e-05
Gemma_2_2B_instruct,numb_vector,1.190476190473109e-06,0.9999995125110773,5.040684133927886e-05
Gemma_2_2B_instruct,sadness_vector,1.1904761904750268e-06,1.0000003020587696,5.070897007675157e-05
Gemma_2_9B_base,s1_pain_vector,1.6666666666692308e-06,1.0000015847473553,5.0691103808175875e-05
Gemma_2_9B_base,s2_pain_vector,2.3809523809710767e-07,0.9999996244165678,5.0822345741163844e-05
Gemma_2_9B_base,fear_vector,9.523809523803266e-07,0.9999992765230943,4.9905411481754314e-05
Gemma_2_9B_base,negemotion_vector,-1.6666666666648e-06,0.9999994578675118,5.013384732566184e-05
Gemma_2_9B_base,negworld_vector,-9.523809523824893e-07,1.0000004653803907,5.004666355573617e-05
Gemma_2_9B_base,bodysens_vector,-1.6666666666673794e-06,0.9999980137942577,5.0512041709804834e-05
Gemma_2_9B_base,arousal_vector,4.285714285713018e-06,0.9999985887755348,5.1065827289198396e-05
Gemma_2_9B_base,random_vector,-2.3809523809372497e-07,0.9999997835832816,5.0361098551110484e-05
Gemma_2_9B_base,numb_vector,-2.3809523809507143e-07,1.000002103462045,4.986773905746311e-05
Gemma_2_9B_base,sadness_vector,-4.761904761910185e-07,1.0000012550943371,5.047545878189563e-05
Gemma_2_9B_instruct,s1_pain_vector,-7.142857142893963e-07,0.999999868011641,5.054753773436893e-05
Gemma_2_9B_instruct,s2_pain_vector,2.3809523809510036e-07,1.0000008452972335,5.1303263002733246e-05
Gemma_2_9B_instruct,fear_vector,2.3809523809404713e-07,1.0000008103210718,5.069191566242637e-05
Gemma_2_9B_instruct,negemotion_vector,1.666666666664455e-06,1.0000005118675277,5.1037484057214755e-05
Gemma_2_9B_instruct,negworld_vector,-3.0952380952350705e-06,1.0000013288633745,5.158750080380692e-05
Gemma_2_9B_instruct,bodysens_vector,9.523809523807639e-07,0.9999997824519038,5.028611402202454e-05
Gemma_2_9B_instruct,arousal_vector,2.142857142855821e-06,0.9999979161979139,5.078396411684061e-05
Gemma_2_9B_instruct,random_vector,1.4285714285687363e-06,0.9999990028080062,4.971824544552916e-05
Gemma_2_9B_instruct,numb_vector,-1.4285714285725827e-06,0.999995331297605,5.0895962173558296e-05
Gemma_2_9B_instruct,sadness_vector,-1.9047619047634467e-06,0.9999977456861212,5.080257050171788e-05
Gemma_3_27B_base,s1_pain_vector,-2.380952380952683e-06,0.9999996772113992,5.0031890110213695e-05
Gemma_3_27B_base,s2_pain_vector,9.523809523813433e-07,0.9999996915233084,4.99146200899081e-05
Gemma_3_27B_base,fear_vector,-2.380952380955231e-06,0.9999999989495465,4.98724242203874e-05
Gemma_3_27B_base,negemotion_vector,1.6666666666635424e-06,1.0000000268676583,4.9867829987393364e-05
Gemma_3_27B_base,negworld_vector,2.3809523809495166e-07,1.0000006377735777,5.004189952728666e-05
Gemma_3_27B_base,bodysens_vector,2.6190476190464922e-06,1.0000011253411751,4.98053103449303e-05
Gemma_3_27B_base,arousal_vector,-2.380952380950157e-07,0.9999997004642125,5.003691343172245e-05
Gemma_3_27B_base,random_vector,4.7619047619472997e-07,1.0000026090679115,4.9940679831980694e-05
Gemma_3_27B_base,numb_vector,-1.6666666666626348e-06,0.9999998399866935,4.986580032051435e-05
Gemma_3_27B_base,sadness_vector,1.4285714285674383e-06,1.000000624427356,4.991339669610517e-05
Gemma_3_27B_instruct,s1_pain_vector,-1.6666666666678565e-06,0.9999991030101135,4.99874126244082e-05
Gemma_3_27B_instruct,s2_pain_vector,1.1904761904767564e-06,0.9999992353204276,4.995539248253689e-05
Gemma_3_27B_instruct,fear_vector,2.142857142860548e-06,0.9999992997236493,4.993963701149795e-05
Gemma_3_27B_instruct,negemotion_vector,-7.142857142865061e-07,1.000000962249282,4.988935146763018e-05
Gemma_3_27B_instruct,negworld_vector,-7.142857142854281e-07,1.000001022653984,4.997469253567588e-05
Gemma_3_27B_instruct,bodysens_vector,2.8571428571445454e-06,0.9999991515193679,4.9895027614987875e-05
Gemma_3_27B_instruct,arousal_vector,-2.38095238098101e-07,0.9999986852967265,4.9899218030335923e-05
Gemma_3_27B_instruct,random_vector,6.226418190559611e-19,1.0000019161410214,4.9711404860763864e-05
Gemma_3_27B_instruct,numb_vector,-2.380952380975073e-07,0.9999970034597677,4.9885516917980155e-05
Gemma_3_27B_instruct,sadness_vector,1.1904761904761501e-06,1.0000007789632737,4.9917169509416937e-05
Llama_3.1_70B_base,s1_pain_vector,-1.9047619047621618e-06,1.0000026386137524,5.4262818326655804e-05
Llama_3.1_70B_base,s2_pain_vector,3.0952380952393527e-06,1.0000009400781011,5.356176683535274e-05
Llama_3.1_70B_base,fear_vector,-1.2142857142857916e-05,1.0000011728898734,6.512709666695038e-05
Llama_3.1_70B_base,negemotion_vector,-6.190476190477898e-06,1.0000118375536324,7.90667050560856e-05
Llama_3.1_70B_base,negworld_vector,1.1904761904769913e-06,1.0000070320817092,6.675591719984553e-05
Llama_3.1_70B_base,bodysens_vector,3.0952380952344624e-06,0.9999944456583558,6.750448165604439e-05
Llama_3.1_70B_base,arousal_vector,2.023809523809593e-05,1.0000087311499504,9.033443569594901e-05
Llama_3.1_70B_base,random_vector,-2.6190476190501146e-06,0.9999975951484406,5.69916230150902e-05
Llama_3.1_70B_base,sadness_vector,-3.8095238095217676e-06,0.9999918141259062,7.377762901183971e-05
Llama_3.1_70B_instruct,s1_pain_vector,5.476190476191365e-06,1.00000201501869,5.3168016747040525e-05
Llama_3.1_70B_instruct,s2_pain_vector,-2.40476190476201e-05,0.9999870441626434,9.917077850563061e-05
Llama_3.1_70B_instruct,fear_vector,-8.095238095242777e-06,0.9999973037969322,5.800835375469049e-05
Llama_3.1_70B_instruct,negemotion_vector,1.0952380952380326e-05,0.9999928094855995,7.312185880126165e-05
Llama_3.1_70B_instruct,negworld_vector,4.0476190476125795e-06,0.9999979708111781,5.488002504006051e-05
Llama_3.1_70B_instruct,bodysens_vector,-3.047619047618809e-05,0.9999822419731653,0.00010207350414637162
Llama_3.1_70B_instruct,arousal_vector,-5.238095238095106e-06,0.9999863171545758,8.297917020172463e-05
Llama_3.1_70B_instruct,random_vector,-1.880952380952824e-05,0.9999946146300284,7.399470914770667e-05
Llama_3.1_70B_instruct,sadness_vector,-6.904761904761784e-06,0.9999961380044189,6.237298544853331e-05
Llama_3.1_8B_base,s1_pain_vector,1.2857142857138836e-05,0.9999932724185263,6.736480412938839e-05
Llama_3.1_8B_base,s2_pain_vector,4.7619047619206245e-07,0.9999962939215905,5.461098675518805e-05
Llama_3.1_8B_base,fear_vector,-3.095238095237238e-06,0.9999996532927687,5.393942832188081e-05
Llama_3.1_8B_base,negemotion_vector,-4.523809523806496e-06,0.9999910263661712,6.8827869385224e-05
Llama_3.1_8B_base,negworld_vector,-3.0952380952352637e-06,0.9999902471500317,6.671039629546627e-05
Llama_3.1_8B_base,bodysens_vector,-8.809523809527493e-06,0.9999811786531222,0.00011003655106822663
Llama_3.1_8B_base,arousal_vector,5.4761904761884165e-06,1.000000696972858,5.5120816861098376e-05
Llama_3.1_8B_base,random_vector,1.4285714285702862e-06,1.0000001187608774,5.247900785043669e-05
Llama_3.1_8B_base,numb_vector,6.428571428573804e-06,0.9999894183876372,7.110512929209278e-05
Llama_3.1_8B_base,sadness_vector,-1.42857142856627e-06,0.9999942857207483,5.979507020903441e-05
Llama_3.1_8B_instruct,s1_pain_vector,-1.3333333333332003e-05,1.0000091473216555,7.454463768885589e-05
Llama_3.1_8B_instruct,s2_pain_vector,3.3333333333358524e-06,0.9999872834135887,7.399986432332639e-05
Llama_3.1_8B_instruct,fear_vector,-1.7857142857144366e-05,0.9999836788859433,9.791970146899587e-05
Llama_3.1_8B_instruct,negemotion_vector,9.76190476190416e-06,0.9999922469342023,8.353904637603549e-05
Llama_3.1_8B_instruct,negworld_vector,-1.833333333333353e-05,0.9999997347009569,6.745673127964147e-05
Llama_3.1_8B_instruct,bodysens_vector,1.6190476190473483e-05,1.0000013888917791,6.644641150543862e-05
Llama_3.1_8B_instruct,arousal_vector,-2.8571428571431804e-06,0.9999939253108008,6.752150439526261e-05
Llama_3.1_8B_instruct,random_vector,-2.6428571428573244e-05,1.0000200003912336,0.0001041337338871795
Llama_3.1_8B_instruct,numb_vector,-6.190476190477054e-06,0.9999844740745976,8.901372766123572e-05
Llama_3.1_8B_instruct,sadness_vector,1.4761904761904919e-05,0.9999936230611867,8.032147932812705e-05
Llama_3.3_70B_instruct,s1_pain_vector,7.619047619045968e-06,0.9999946937902304,6.19236234729037e-05
Llama_3.3_70B_instruct,s2_pain_vector,-7.619047619050851e-06,1.0000024732774404,5.954577239963843e-05
Llama_3.3_70B_instruct,fear_vector,1.9047619047638503e-06,0.9999939514084646,6.264410546164001e-05
Llama_3.3_70B_instruct,negemotion_vector,-1.66666666666578e-06,0.9999963204799369,5.6100441938378154e-05
Llama_3.3_70B_instruct,negworld_vector,-3.571428571430082e-06,0.999999502529213,5.473317639403952e-05
Llama_3.3_70B_instruct,bodysens_vector,8.333333333332424e-06,0.9999963956849727,6.580346148177263e-05
Llama_3.3_70B_instruct,arousal_vector,-1.4285714285743318e-06,0.9999975388054747,5.2955817333444344e-05
Llama_3.3_70B_instruct,random_vector,6.190476190472861e-06,1.0000003039331737,5.6674336271989034e-05
Llama_3.3_70B_instruct,sadness_vector,-6.904761904756366e-06,1.0000035703626455,5.754238174149329e-05
Mistral_7B_base,s1_pain_vector,-3.428571428571207e-05,1.000010292740227,0.0001096609090875944
Mistral_7B_base,s2_pain_vector,2.142857142857206e-05,0.9999934241773588,9.414747914426869e-05
Mistral_7B_base,fear_vector,-9.523809523786956e-07,0.999997145924045,5.6341746197619e-05
Mistral_7B_base,negemotion_vector,4.047619047620965e-06,0.9999853104196308,8.407710895363962e-05
Mistral_7B_base,negworld_vector,-1.3809523809522905e-05,0.9999756318696504,0.00011394882854531829
Mistral_7B_base,bodysens_vector,6.904761904765473e-06,1.0000238857742303,0.00011398073546375898
Mistral_7B_base,arousal_vector,1.0476190476192918e-05,0.9999995499212139,6.769721014476815e-05
Mistral_7B_base,random_vector,2.1904761904761428e-05,1.0000362504363771,0.00012975122527048022
Mistral_7B_base,numb_vector,1.428571428574446e-06,0.9999932618096113,5.967334660628154e-05
Mistral_7B_base,sadness_vector,-5.9523809523781734e-06,0.9999486154359074,0.00026131896270786825
Mistral_7B_instruct,s1_pain_vector,-4.285714285714265e-06,1.0000172403422016,8.715794107017061e-05
Mistral_7B_instruct,s2_pain_vector,-4.7619047618907105e-07,1.0000108569885684,7.242631338622019e-05
Mistral_7B_instruct,fear_vector,1.761904761905131e-05,0.9999914981895965,8.016129217325307e-05
Mistral_7B_instruct,negemotion_vector,-3.571428571428182e-06,0.9999978748842215,5.455220864281074e-05
Mistral_7B_instruct,negworld_vector,-1.5238095238093693e-05,0.9999984640017682,6.38981689051743e-05
Mistral_7B_instruct,bodysens_vector,2.1428571428570254e-06,1.000000492676154,5.157072011138797e-05
Mistral_7B_instruct,arousal_vector,-2.2619047619043208e-05,1.000004905220254,7.793926631460835e-05
Mistral_7B_instruct,random_vector,8.095238095238683e-06,0.999990485707687,8.808134392168654e-05
Mistral_7B_instruct,numb_vector,7.857142857141074e-06,0.9999953947799571,6.560205019434662e-05
Mistral_7B_instruct,sadness_vector,9.761904761902168e-06,0.9999827496726134,9.02799028157375e-05
Mistral_Small_24B_base,s1_pain_vector,6.666666666666619e-06,1.000010282448723,6.775937564795775e-05
Mistral_Small_24B_base,s2_pain_vector,-5.714285714284079e-06,0.9999805166986359,0.00011644191784254687
Mistral_Small_24B_base,fear_vector,-9.523809523815429e-06,1.0000299334114058,0.00011591668104049546
Mistral_Small_24B_base,negemotion_vector,-2.119047619047659e-05,1.0000044295156716,7.997160173722762e-05
Mistral_Small_24B_base,negworld_vector,-3.595238095238075e-05,1.0000019079828453,8.61723635918743e-05
Mistral_Small_24B_base,bodysens_vector,-6.6666666666661805e-06,0.9999616030263283,0.0001480140511556094
Mistral_Small_24B_base,arousal_vector,1.2380952380952878e-05,1.0000193534741728,0.00011204602610570547
Mistral_Small_24B_base,random_vector,6.666666666663396e-06,0.9999937189818617,6.658165623107948e-05
Mistral_Small_24B_base,numb_vector,8.571428571430204e-06,0.9999887323759761,7.784567846380597e-05
Mistral_Small_24B_base,sadness_vector,-2.8571428571440706e-06,0.9999804620193378,9.04508703367668e-05
Phi_4,s1_pain_vector,6.666666666666432e-06,0.9999869700119352,8.02444316185813e-05
Phi_4,s2_pain_vector,-8.57142857142869e-06,1.0000141537678626,7.517302403226012e-05
Phi_4,fear_vector,-2.2142857142856277e-05,1.0000044260664804,7.854044912924962e-05
Phi_4,negemotion_vector,1.3809523809523706e-05,0.9999959330392356,7.124433003991015e-05
Phi_4,negworld_vector,-4.761904761915668e-07,0.9999939607673648,5.916874746825229e-05
Phi_4,bodysens_vector,-1.571428571428641e-05,1.0000156508969125,9.264307084455581e-05
Phi_4,arousal_vector,-5.238095238093693e-06,1.0000091713489863,8.12328003831908e-05
Phi_4,random_vector,-1.6190476190475675e-05,0.9999977428425774,6.686518379528383e-05
Phi_4,numb_vector,1.476190476190313e-05,1.00001080323745,7.772027655938984e-05
Phi_4,sadness_vector,-6.190476190478881e-06,1.0000053138476728,6.685646019466418e-05
Qwen_2.5_32B_base,s1_pain_vector,-2.380952380923173e-07,0.9999999159166348,4.966505093539908e-05
Qwen_2.5_32B_base,s2_pain_vector,9.523809523778324e-07,1.0000009673562216,4.9777727358257806e-05
Qwen_2.5_32B_base,fear_vector,-1.6666666666691256e-06,0.9999992062721057,5.0257487629878916e-05
Qwen_2.5_32B_base,negemotion_vector,7.142857142876244e-07,1.0000019579859232,4.971935861464161e-05
Qwen_2.5_32B_base,negworld_vector,-2.3809523809479212e-07,0.9999989954399433,5.042724915149677e-05
Qwen_2.5_32B_base,bodysens_vector,1.6666666666668022e-06,1.0000021529843888,5.1324254719542495e-05
Qwen_2.5_32B_base,arousal_vector,1.1904761904776903e-06,0.9999999839873864,5.1080463921326924e-05
Qwen_2.5_32B_base,random_vector,2.6190476190492968e-06,1.0000016628404258,5.238727435052937e-05
Qwen_2.5_32B_base,sadness_vector,3.333333333335719e-06,0.9999963763688315,5.1463198668777466e-05
Qwen_2.5_32B_instruct,s1_pain_vector,-4.7619047618975053e-07,1.0000007965233788,5.109294589664137e-05
Qwen_2.5_32B_instruct,s2_pain_vector,-7.142857142889976e-07,0.9999997984163912,5.036135398051034e-05
Qwen_2.5_32B_instruct,fear_vector,-9.52380952384193e-07,0.9999976251395837,4.999389103382823e-05
Qwen_2.5_32B_instruct,negemotion_vector,1.4285714285702335e-06,0.999999823856107,5.0179001657379985e-05
Qwen_2.5_32B_instruct,negworld_vector,2.3809523809316958e-07,0.9999992533925501,5.085873417920439e-05
Qwen_2.5_32B_instruct,bodysens_vector,7.142857142876811e-07,1.0000003760353886,5.103452738919323e-05
Qwen_2.5_32B_instruct,arousal_vector,7.142857142839505e-07,0.9999998147021086,5.096204730559162e-05
Qwen_2.5_32B_instruct,random_vector,-4.7619047619163804e-07,1.0000025797346543,5.047185265105725e-05
Qwen_2.5_32B_instruct,sadness_vector,1.1904761904809873e-06,1.0000003715825556,5.002077850457809e-05
Qwen_2.5_72B_base,s1_pain_vector,4.761904761896514e-07,0.9999985216654607,4.96793392558148e-05
Qwen_2.5_72B_base,s2_pain_vector,7.14285714286978e-07,1.0000001562973517,5.054417553435053e-05
Qwen_2.5_72B_base,fear_vector,-4.285714285713953e-06,1.0000021157742924,5.0182854087976736e-05
Qwen_2.5_72B_base,negemotion_vector,-3.571428571426929e-06,1.0000001786959876,5.021616577094434e-05
Qwen_2.5_72B_base,negworld_vector,1.6666666666630735e-06,1.000000996438591,4.977019726937204e-05
Qwen_2.5_72B_base,bodysens_vector,-9.523809523770801e-07,1.0000007584278303,5.112269493778854e-05
Qwen_2.5_72B_base,arousal_vector,9.523809523801381e-07,1.000000767023062,4.9888953147281256e-05
Qwen_2.5_72B_base,random_vector,2.3809523809418808e-07,0.9999997756070893,4.992230834433009e-05
Qwen_2.5_72B_base,sadness_vector,-2.380952380972326e-07,1.0000006814164062,4.9882150051194785e-05
Qwen_2.5_72B_instruct,s1_pain_vector,9.523809523801542e-07,1.0000018429978481,5.104042700554423e-05
Qwen_2.5_72B_instruct,s2_pain_vector,9.523809523827846e-07,1.0000008363801491,5.069667224066876e-05
Qwen_2.5_72B_instruct,fear_vector,-9.523809523803302e-07,1.0000000923804946,5.100970789762016e-05
Qwen_2.5_72B_instruct,negemotion_vector,1.1904761904772756e-06,0.9999993876776753,5.0336874621415006e-05
Qwen_2.5_72B_instruct,negworld_vector,-1.9047619047627854e-06,1.0000003212362296,5.009091792790299e-05
Qwen_2.5_72B_instruct,bodysens_vector,1.9047619047582824e-06,0.9999990922358691,5.1986038749785024e-05
Qwen_2.5_72B_instruct,arousal_vector,1.6666666666648144e-06,0.99999797977038,5.5737250885368184e-05
Qwen_2.5_72B_instruct,random_vector,1.9047619047593356e-06,0.999999688212423,5.042505748409365e-05
Qwen_2.5_72B_instruct,sadness_vector,2.38095238102063e-07,1.0000006536545198,4.9807838343685074e-05
Qwen_2.5_7B_base,s1_pain_vector,-3.3333333333340978e-06,0.9999992461132079,5.180523648229407e-05
Qwen_2.5_7B_base,s2_pain_vector,4.76190476189736e-07,0.9999986049512944,5.231228898838758e-05
Qwen_2.5_7B_base,fear_vector,2.3809523809295054e-07,1.0000029176742866,5.452272307993056e-05
Qwen_2.5_7B_base,negemotion_vector,-3.0952380952392125e-06,1.000000359602288,5.148026054896393e-05
Qwen_2.5_7B_base,negworld_vector,-2.3809523809620315e-07,0.9999994608926835,5.234064333548005e-05
Qwen_2.5_7B_base,bodysens_vector,-1.666666666663784e-06,0.9999941474695803,5.599421538948768e-05
Qwen_2.5_7B_base,arousal_vector,-2.380952380952222e-06,1.000002633446079,5.657006345183291e-05
Qwen_2.5_7B_base,random_vector,-3.0952380952313122e-06,1.0000017617198484,5.695531025651235e-05
Qwen_2.5_7B_base,numb_vector,1.4285714285712584e-06,1.0000019450208975,5.6455394080501264e-05
Qwen_2.5_7B_base,sadness_vector,1.4285714285717086e-06,0.9999961265629064,5.67307232790526e-05
Qwen_2.5_7B_instruct,s1_pain_vector,4.5102810375396986e-18,0.9999921736122309,5.8517342682140594e-05
Qwen_2.5_7B_instruct,s2_pain_vector,-5.476190476187048e-06,0.9999956583922476,6.162354004368709e-05
Qwen_2.5_7B_instruct,fear_vector,-2.1428571428545563e-06,0.9999998035095896,5.280463749324227e-05
Qwen_2.5_7B_instruct,negemotion_vector,-2.142857142856032e-06,0.999999413604675,5.130321510830871e-05
Qwen_2.5_7B_instruct,negworld_vector,-1.9047619047627316e-06,1.00000129956877,5.175362822629204e-05
Qwen_2.5_7B_instruct,bodysens_vector,-7.380952380950506e-06,0.9999954210694203,6.520206380722371e-05
Qwen_2.5_7B_instruct,arousal_vector,-4.047619047618464e-06,0.9999982402640696,5.349036010626751e-05
Qwen_2.5_7B_instruct,random_vector,-2.142857142859893e-06,1.0000030572192213,6.17901683170885e-05
Qwen_2.5_7B_instruct,numb_vector,-3.8095238095241635e-06,0.9999975476564035,5.274241531749713e-05
Qwen_2.5_7B_instruct,sadness_vector,-6.904761904760261e-06,0.9999998592023427,5.5987136624066625e-05
Qwen_3_14B_base,s1_pain_vector,-3.3333333333315817e-06,1.000004545436495,5.440442764026443e-05
Qwen_3_14B_base,s2_pain_vector,-9.499676177968229e-20,0.9999992661425879,5.05723942878511e-05
Qwen_3_14B_base,fear_vector,-1.6666666666656799e-06,1.0000033836000297,5.085602803256428e-05
Qwen_3_14B_base,negemotion_vector,-2.1428571428554067e-06,0.9999984663417661,5.1698023445290175e-05
Qwen_3_14B_base,negworld_vector,9.523809523780048e-07,1.000003581659799,5.054196208614803e-05
Qwen_3_14B_base,bodysens_vector,-2.380952380970829e-07,1.0000016723914302,5.2765161293821805e-05
Qwen_3_14B_base,arousal_vector,-4.761904761915379e-07,0.9999995438093063,5.16707790104709e-05
Qwen_3_14B_base,random_vector,-2.8571428571444548e-06,1.0000020331605182,5.1798536426561625e-05
Qwen_3_14B_base,numb_vector,-2.1428571428557587e-06,0.999999930938178,5.1219967229565455e-05
Qwen_3_14B_base,sadness_vector,-1.9047619047663747e-06,0.999999574926667,5.197604654338939e-05
Qwen_3_8B_base,s1_pain_vector,4.047619047625293e-06,1.000001107550719,5.0861930867474384e-05
Qwen_3_8B_base,s2_pain_vector,2.1428571428577323e-06,1.0000020829836298,5.264080780897906e-05
Qwen_3_8B_base,fear_vector,3.0952380952364635e-06,1.0000008084829781,5.126795205168122e-05
Qwen_3_8B_base,negemotion_vector,-1.6666666666637112e-06,1.0000018228659973,5.049681473878742e-05
Qwen_3_8B_base,negworld_vector,-4.7619047619260043e-07,1.0000017593792914,4.9776870551077046e-05
Qwen_3_8B_base,bodysens_vector,-1.6666666666644798e-06,1.0000049587839355,5.1185262400554876e-05
Qwen_3_8B_base,arousal_vector,-1.1904761904744703e-06,0.9999974349602874,5.0057952014403995e-05
Qwen_3_8B_base,random_vector,-2.380952380954566e-06,1.000001751067061,5.079929310169984e-05
Qwen_3_8B_base,numb_vector,2.3809523809496405e-07,1.0000016362248234,5.006276833176282e-05
Qwen_3_8B_base,sadness_vector,-2.3809523809337544e-07,0.9999994446307698,5.129782622617651e-05
